Cluster,ClusterRank,deltaG,deltaGelec,deltaGvdw,deltaGligsolvnonpol,deltaGligsolvpol,deltaGprotsolvnonpol,deltaGprotsolvpol,deltaGcompsolvnonpol,deltaGcompsolvpol,extraFull,surfFull,solvFull,IntraFull,InterFull,FullFitness,SimpleFitness,Energy
0,0,-8.896393,0.0,-79.9645,8.25538,-49.102,261.519,-2098.48,259.678,-2088.54,0.0,259.678,-2088.54,-7.6358,-79.9645,-1916.4624,-9.70018,-9.70018
0,1,-8.624767,0.0,-72.6194,8.25341,-48.8054,261.519,-2098.48,259.748,-2095.27,0.0,259.748,-2095.27,-7.94206,-72.6194,-1916.0835,-9.68753,-9.68753
0,2,-8.491932,0.0,-77.2724,8.22787,-49.1229,261.519,-2098.48,260.017,-2086.68,0.0,260.017,-2086.68,-8.93557,-77.2724,-1912.871,-9.03888,-9.03888
0,3,-8.282026,0.0,-75.0899,8.19874,-49.283,261.519,-2098.48,260.186,-2087.09,0.0,260.186,-2087.09,-9.18119,-75.0899,-1911.175,-8.30108,-8.30108
0,4,-7.952406,0.0,-69.972,8.21944,-49.5259,261.519,-2098.48,259.684,-2089.05,0.0,259.684,-2089.05,-3.99045,-69.972,-1903.3285,0.781475,0.781475
1,0,-8.463534,0.0,-79.6423,8.04056,-48.4237,261.519,-2098.48,262.577,-2086.1,0.0,262.577,-2086.1,-10.0581,-79.6423,-1913.2235,-5.28039,-5.28039
1,1,-8.463534,0.0,-79.6423,8.04056,-48.4237,261.519,-2098.48,262.577,-2086.1,0.0,262.577,-2086.1,-10.0581,-79.6423,-1913.2235,-5.28039,-5.28039
1,2,-7.980885,0.0,-66.7217,8.05473,-48.4531,261.519,-2098.48,262.232,-2097.66,0.0,262.232,-2097.66,-10.9304,-66.7217,-1913.0801,-3.07573,-3.07573
1,3,-7.947698,0.0,-65.9657,8.05503,-48.463,261.519,-2098.48,262.183,-2098.22,0.0,262.183,-2098.22,-11.038,-65.9657,-1913.0406,-3.0488,-3.0488
1,4,-7.9066615,0.0,-64.7323,8.05333,-48.499,261.519,-2098.48,262.096,-2099.36,0.0,262.096,-2099.36,-10.8772,-64.7323,-1912.8738,-2.7893,-2.7893
1,5,-8.39729,0.0,-78.5311,8.05212,-48.4116,261.519,-2098.48,262.483,-2086.56,0.0,262.483,-2086.56,-10.1386,-78.5311,-1912.7467,-5.31324,-5.31324
1,6,-8.079756,0.0,-72.5074,8.05817,-48.2041,261.519,-2098.48,262.298,-2090.18,0.0,262.298,-2090.18,-10.9867,-72.5074,-1911.3761,-4.66168,-4.66168
1,7,-8.079756,0.0,-72.5074,8.05817,-48.2041,261.519,-2098.48,262.298,-2090.18,0.0,262.298,-2090.18,-10.9867,-72.5074,-1911.3761,-4.66168,-4.66168
2,0,-9.235438,0.0,-96.4132,7.97696,-47.842,261.519,-2098.48,261.868,-2071.21,0.0,261.868,-2071.21,-6.76491,-96.4132,-1912.5201,-9.34038,-9.34038
3,0,-8.445268,0.0,-80.8442,8.16753,-49.5412,261.519,-2098.48,262.302,-2084.44,0.0,262.302,-2084.44,-8.51466,-80.8442,-1911.4968,-3.64926,-3.64926
3,1,-8.460046,0.0,-81.3024,8.15898,-49.5632,261.519,-2098.48,262.316,-2084.03,0.0,262.316,-2084.03,-8.43102,-81.3024,-1911.4474,-3.6802,-3.6802
3,2,-8.771892,0.0,-88.5778,7.94524,-49.0208,261.519,-2098.48,262.324,-2077.68,0.0,262.324,-2077.68,-6.54476,-88.5778,-1910.4785,-4.20032,-4.20032
3,3,-9.087601,0.0,-93.9406,7.98219,-47.7321,261.519,-2098.48,261.979,-2072.67,0.0,261.979,-2072.67,-5.12901,-93.9406,-1909.7605,-7.21275,-7.21275
3,4,-8.266223,0.0,-81.2332,8.15517,-49.3155,261.519,-2098.48,262.149,-2080.47,0.0,262.149,-2080.47,-8.2613,-81.2332,-1907.8154,-1.70084,-1.70084
3,5,-8.702551,0.0,-87.3819,8.05923,-49.2419,261.519,-2098.48,262.065,-2078.04,0.0,262.065,-2078.04,-2.74472,-87.3819,-1906.1018,-0.798533,-0.798533
3,6,-8.584064,0.0,-85.0667,8.05478,-49.2074,261.519,-2098.48,262.107,-2079.72,0.0,262.107,-2079.72,-3.28704,-85.0667,-1905.9668,-0.686675,-0.686675
4,0,-7.7090425,0.0,-63.1035,8.19453,-49.381,261.519,-2098.48,261.538,-2098.45,0.0,261.538,-2098.45,-9.98248,-63.1035,-1909.9979,-2.51048,-2.51048
4,1,-7.6229997,0.0,-61.2374,8.21243,-49.3852,261.519,-2098.48,261.483,-2099.82,0.0,261.483,-2099.82,-9.72205,-61.2374,-1909.2965,-1.82665,-1.82665
4,2,-7.731456,0.0,-63.8322,8.22381,-49.4766,261.519,-2098.48,261.195,-2097.21,0.0,261.195,-2097.21,-9.359,-63.8322,-1909.206,-2.6608,-2.6608
4,3,-7.6110644,0.0,-60.9828,8.19783,-49.3855,261.519,-2098.48,261.592,-2100.21,0.0,261.592,-2100.21,-9.60284,-60.9828,-1909.2036,-1.4424,-1.4424
4,4,-7.605735,0.0,-61.1575,8.20609,-49.3726,261.519,-2098.48,261.568,-2099.79,0.0,261.568,-2099.79,-9.81798,-61.1575,-1909.1976,-1.74419,-1.74419
4,5,-7.8036,0.0,-70.228,8.24314,-49.1179,261.519,-2098.48,260.675,-2087.31,0.0,260.675,-2087.31,-8.82976,-70.228,-1905.6929,-1.43697,-1.43697
4,6,-7.714341,0.0,-69.332,8.25617,-49.1027,261.519,-2098.48,260.713,-2087.26,0.0,260.713,-2087.26,-8.5655,-69.332,-1904.4445,-0.930104,-0.930104
4,7,-7.6723123,0.0,-69.087,8.26297,-49.0785,261.519,-2098.48,260.773,-2087.01,0.0,260.773,-2087.01,-8.2556,-69.087,-1903.5796,-0.375304,-0.375304
5,0,-8.035457,0.0,-71.6424,8.10162,-49.6023,261.519,-2098.48,262.664,-2092.69,0.0,262.664,-2092.69,-8.21205,-71.6424,-1909.8804,4.22571,4.22571
5,1,-8.035457,0.0,-71.6424,8.10162,-49.6023,261.519,-2098.48,262.664,-2092.69,0.0,262.664,-2092.69,-8.21205,-71.6424,-1909.8804,4.22571,4.22571
5,2,-8.063431,0.0,-71.991,8.1011,-49.5668,261.519,-2098.48,262.61,-2092.49,0.0,262.61,-2092.49,-7.8091,-71.991,-1909.68,4.30833,4.30833
5,3,-8.063431,0.0,-71.991,8.1011,-49.5668,261.519,-2098.48,262.61,-2092.49,0.0,262.61,-2092.49,-7.8091,-71.991,-1909.68,4.30833,4.30833
5,4,-8.063431,0.0,-71.991,8.1011,-49.5668,261.519,-2098.48,262.61,-2092.49,0.0,262.61,-2092.49,-7.8091,-71.991,-1909.68,4.30833,4.30833
5,5,-8.063431,0.0,-71.991,8.1011,-49.5668,261.519,-2098.48,262.61,-2092.49,0.0,262.61,-2092.49,-7.8091,-71.991,-1909.68,4.30833,4.30833
5,6,-8.066536,0.0,-72.0019,8.09711,-49.5769,261.519,-2098.48,262.584,-2092.5,0.0,262.584,-2092.5,-7.62512,-72.0019,-1909.543,4.37904,4.37904
5,7,-8.066536,0.0,-72.0019,8.09711,-49.5769,261.519,-2098.48,262.584,-2092.5,0.0,262.584,-2092.5,-7.62512,-72.0019,-1909.543,4.37904,4.37904
6,0,-8.886983,0.0,-91.266,7.95606,-49.7032,261.519,-2098.48,259.891,-2072.31,0.0,259.891,-2072.31,-5.22614,-91.266,-1908.9113,-13.9759,-13.9759
6,1,-8.8647375,0.0,-90.9323,7.97534,-49.6796,261.519,-2098.48,259.911,-2072.44,0.0,259.911,-2072.44,-5.39431,-90.9323,-1908.8556,-14.1542,-14.1542
6,2,-8.8647375,0.0,-90.9323,7.97534,-49.6796,261.519,-2098.48,259.911,-2072.44,0.0,259.911,-2072.44,-5.39431,-90.9323,-1908.8556,-14.1542,-14.1542
6,3,-8.841831,0.0,-90.599,7.98327,-49.668,261.519,-2098.48,259.913,-2072.56,0.0,259.913,-2072.56,-5.45062,-90.599,-1908.6967,-14.1905,-14.1905
6,4,-8.839161,0.0,-90.5683,7.98634,-49.6643,261.519,-2098.48,259.916,-2072.56,0.0,259.916,-2072.56,-5.46746,-90.5683,-1908.6797,-14.1981,-14.1981
6,5,-8.889175,0.0,-91.3633,7.94481,-49.7504,261.519,-2098.48,259.878,-2072.24,0.0,259.878,-2072.24,-4.74126,-91.3633,-1908.4666,-13.9407,-13.9407
6,6,-8.889175,0.0,-91.3633,7.94481,-49.7504,261.519,-2098.48,259.878,-2072.24,0.0,259.878,-2072.24,-4.74126,-91.3633,-1908.4666,-13.9407,-13.9407
6,7,-8.888667,0.0,-91.2965,7.93103,-49.789,261.519,-2098.48,259.862,-2072.37,0.0,259.862,-2072.37,-4.29345,-91.2965,-1908.0979,-13.878,-13.878
7,0,-6.333993,0.0,-25.6175,8.03563,-48.2554,261.519,-2098.48,262.22,-2134.1,0.0,262.22,-2134.1,-11.3474,-25.6175,-1908.845,3.01017,3.01017
7,1,-6.315052,0.0,-25.0096,8.02659,-48.3668,261.519,-2098.48,262.197,-2134.82,0.0,262.197,-2134.82,-11.0776,-25.0096,-1908.7102,3.24539,3.24539
7,2,-6.3231726,0.0,-25.7401,8.02114,-48.3436,261.519,-2098.48,262.146,-2133.73,0.0,262.146,-2133.73,-10.8488,-25.7401,-1908.1729,3.22791,3.22791
7,3,-6.2509027,0.0,-25.3427,8.03313,-48.6015,261.519,-2098.48,261.465,-2132.35,0.0,261.465,-2132.35,-10.0964,-25.3427,-1906.3243,4.42765,4.42765
7,4,-6.1296635,0.0,-23.5369,8.01941,-48.7552,261.519,-2098.48,261.274,-2133.04,0.0,261.274,-2133.04,-9.74907,-23.5369,-1905.052,5.21307,5.21307
7,5,-5.617827,0.0,-11.6536,8.02819,-48.1175,261.519,-2098.48,262.203,-2143.83,0.0,262.203,-2143.83,-11.6121,-11.6536,-1904.8927,9.83491,9.83491
7,6,-5.727677,0.0,-16.5193,8.00058,-48.5508,261.519,-2098.48,262.022,-2138.3,0.0,262.022,-2138.3,-10.3936,-16.5193,-1903.1909,8.51485,8.51485
7,7,-5.648204,0.0,-16.2219,7.99733,-48.8157,261.519,-2098.48,262.183,-2137.98,0.0,262.183,-2137.98,-10.0193,-16.2219,-1902.0382,8.30744,8.30744
7,8,-5.688422,0.0,-17.0221,7.97622,-48.9109,261.519,-2098.48,262.126,-2137.44,0.0,262.126,-2137.44,-9.52509,-17.0221,-1901.8611,8.31909,8.31909
7,9,-5.506973,0.0,-13.229,8.07553,-47.6349,261.519,-2098.48,262.599,-2139.64,0.0,262.599,-2139.64,-11.4798,-13.229,-1901.7496,9.17652,9.17652
7,10,-5.433203,0.0,-13.8671,8.04,-47.818,261.519,-2098.48,262.582,-2137.66,0.0,262.582,-2137.66,-10.5275,-13.8671,-1899.4724,11.0765,11.0765
7,11,-5.4036674,0.0,-14.0731,8.06864,-48.1734,261.519,-2098.48,262.886,-2137.64,0.0,262.886,-2137.64,-9.36686,-14.0731,-1898.1938,11.6587,11.6587
8,0,-8.385836,0.0,-67.6443,8.52212,-50.8314,261.519,-2098.48,260.824,-2102.33,0.0,260.824,-2102.33,0.85043,-67.6443,-1908.3,-0.956587,-0.956587
8,1,-8.150558,0.0,-65.339,8.54819,-51.1754,261.519,-2098.48,260.667,-2102.11,0.0,260.667,-2102.11,0.417148,-65.339,-1906.365,-0.592324,-0.592324
8,2,-7.761026,0.0,-52.5587,8.45596,-49.6131,261.519,-2098.48,260.796,-2114.28,0.0,260.796,-2114.28,-0.006761759,-52.5587,-1906.0494,2.13743,2.13743
8,3,-8.208662,0.0,-69.1051,8.5717,-51.361,261.519,-2098.48,260.397,-2096.97,0.0,260.397,-2096.97,5.755,-69.1051,-1899.9231,5.10273,5.10273
8,4,-7.1177783,0.0,-47.9457,8.29028,-50.5155,261.519,-2098.48,260.48,-2111.57,0.0,260.48,-2111.57,0.01244461,-47.9457,-1899.0234,4.73155,4.73155
8,5,-6.2318482,0.0,-26.1604,8.39272,-50.3746,261.519,-2098.48,260.972,-2131.23,0.0,260.972,-2131.23,0.718297,-26.1604,-1895.7002,11.4858,11.4858
8,6,-6.700545,0.0,-43.537,8.43078,-49.8865,261.519,-2098.48,260.24,-2110.35,0.0,260.24,-2110.35,0.129643,-43.537,-1893.5176,8.42983,8.42983
8,7,-5.960134,0.0,-25.9472,8.38489,-50.842,261.519,-2098.48,260.979,-2127.61,0.0,260.979,-2127.61,1.38362,-25.9472,-1891.1946,14.8083,14.8083
8,8,-6.1160874,0.0,-29.053,8.313,-50.422,261.519,-2098.48,260.857,-2124.86,0.0,260.857,-2124.86,2.03445,-29.053,-1891.0217,14.4607,14.4607
8,9,-6.3890033,0.0,-36.1798,8.41724,-50.5566,261.519,-2098.48,260.264,-2117.36,0.0,260.264,-2117.36,3.7454,-36.1798,-1889.5304,10.8288,10.8288
9,0,-7.392015,0.0,-54.0966,8.05346,-49.3036,261.519,-2098.48,261.769,-2107.69,0.0,261.769,-2107.69,-8.10072,-54.0966,-1908.1182,2.09235,2.09235
9,1,-7.38536,0.0,-54.2363,8.05247,-49.2708,261.519,-2098.48,261.76,-2107.32,0.0,261.76,-2107.32,-8.30305,-54.2363,-1908.0994,2.09953,2.09953
9,2,-7.395772,0.0,-54.2476,8.04734,-49.3218,261.519,-2098.48,261.746,-2107.51,0.0,261.746,-2107.51,-8.05948,-54.2476,-1908.0712,2.07287,2.07287
9,3,-7.360581,0.0,-54.4728,8.03761,-49.2796,261.519,-2098.48,261.578,-2106.3,0.0,261.578,-2106.3,-8.25498,-54.4728,-1907.4498,1.97686,1.97686
9,4,-7.367928,0.0,-54.5475,8.03607,-49.3173,261.519,-2098.48,261.575,-2106.34,0.0,261.575,-2106.34,-8.06383,-54.5475,-1907.3765,1.98912,1.98912
9,5,-6.912336,0.0,-50.4235,8.15592,-48.7605,261.519,-2098.48,262.003,-2105.19,0.0,262.003,-2105.19,-5.61646,-50.4235,-1899.227,8.833,8.833
9,6,-6.7288675,0.0,-46.4932,8.15781,-49.2498,261.519,-2098.48,261.703,-2108.29,0.0,261.703,-2108.29,-5.66838,-46.4932,-1898.7487,8.50586,8.50586
9,7,-6.4395337,0.0,-41.0184,8.10696,-49.0871,261.519,-2098.48,261.573,-2111.74,0.0,261.573,-2111.74,-6.13085,-41.0184,-1897.3162,9.02851,9.02851
10,0,-7.6304736,0.0,-60.156,8.0902,-48.5276,261.519,-2098.48,259.319,-2097.6,0.0,259.319,-2097.6,-8.95699,-60.156,-1907.3942,-4.37509,-4.37509
10,1,-7.6304736,0.0,-60.156,8.0902,-48.5276,261.519,-2098.48,259.319,-2097.6,0.0,259.319,-2097.6,-8.95699,-60.156,-1907.3942,-4.37509,-4.37509
10,2,-7.609853,0.0,-59.5825,8.0955,-48.5097,261.519,-2098.48,259.349,-2098.17,0.0,259.349,-2098.17,-8.91445,-59.5825,-1907.318,-4.3445,-4.3445
10,3,-7.609853,0.0,-59.5825,8.0955,-48.5097,261.519,-2098.48,259.349,-2098.17,0.0,259.349,-2098.17,-8.91445,-59.5825,-1907.318,-4.3445,-4.3445
10,4,-7.609853,0.0,-59.5825,8.0955,-48.5097,261.519,-2098.48,259.349,-2098.17,0.0,259.349,-2098.17,-8.91445,-59.5825,-1907.318,-4.3445,-4.3445
10,5,-7.609853,0.0,-59.5825,8.0955,-48.5097,261.519,-2098.48,259.349,-2098.17,0.0,259.349,-2098.17,-8.91445,-59.5825,-1907.318,-4.3445,-4.3445
10,6,-7.609853,0.0,-59.5825,8.0955,-48.5097,261.519,-2098.48,259.349,-2098.17,0.0,259.349,-2098.17,-8.91445,-59.5825,-1907.318,-4.3445,-4.3445
10,7,-7.6001406,0.0,-59.3495,8.08962,-48.4833,261.519,-2098.48,259.327,-2098.32,0.0,259.327,-2098.32,-8.96891,-59.3495,-1907.3114,-4.42666,-4.42666
11,0,-7.7420545,0.0,-62.35,8.2951,-49.5761,261.519,-2098.48,259.75,-2097.43,0.0,259.75,-2097.43,-6.80767,-62.35,-1906.8376,-0.593574,-0.593574
11,1,-7.7420545,0.0,-62.35,8.2951,-49.5761,261.519,-2098.48,259.75,-2097.43,0.0,259.75,-2097.43,-6.80767,-62.35,-1906.8376,-0.593574,-0.593574
11,2,-7.538228,0.0,-60.6969,8.26757,-49.6648,261.519,-2098.48,259.882,-2096.99,0.0,259.882,-2096.99,-8.3509,-60.6969,-1906.1559,0.898372,0.898372
11,3,-7.538228,0.0,-60.6969,8.26757,-49.6648,261.519,-2098.48,259.882,-2096.99,0.0,259.882,-2096.99,-8.3509,-60.6969,-1906.1559,0.898372,0.898372
11,4,-7.538228,0.0,-60.6969,8.26757,-49.6648,261.519,-2098.48,259.882,-2096.99,0.0,259.882,-2096.99,-8.3509,-60.6969,-1906.1559,0.898372,0.898372
11,5,-7.434723,0.0,-58.3284,8.26759,-49.5124,261.519,-2098.48,260.123,-2099.18,0.0,260.123,-2099.18,-8.50101,-58.3284,-1905.8862,2.12965,2.12965
11,6,-7.434723,0.0,-58.3284,8.26759,-49.5124,261.519,-2098.48,260.123,-2099.18,0.0,260.123,-2099.18,-8.50101,-58.3284,-1905.8862,2.12965,2.12965
11,7,-7.434723,0.0,-58.3284,8.26759,-49.5124,261.519,-2098.48,260.123,-2099.18,0.0,260.123,-2099.18,-8.50101,-58.3284,-1905.8862,2.12965,2.12965
12,0,-7.298363,0.0,-55.1232,8.00002,-48.7881,261.519,-2098.48,262.306,-2104.97,0.0,262.306,-2104.97,-8.78602,-55.1232,-1906.5731,2.2653,2.2653
12,1,-7.298363,0.0,-55.1232,8.00002,-48.7881,261.519,-2098.48,262.306,-2104.97,0.0,262.306,-2104.97,-8.78602,-55.1232,-1906.5731,2.2653,2.2653
12,2,-7.298363,0.0,-55.1232,8.00002,-48.7881,261.519,-2098.48,262.306,-2104.97,0.0,262.306,-2104.97,-8.78602,-55.1232,-1906.5731,2.2653,2.2653
12,3,-7.253245,0.0,-54.5908,8.01544,-48.7066,261.519,-2098.48,262.364,-2105.04,0.0,262.364,-2105.04,-9.22347,-54.5908,-1906.4902,2.49294,2.49294
12,4,-7.253245,0.0,-54.5908,8.01544,-48.7066,261.519,-2098.48,262.364,-2105.04,0.0,262.364,-2105.04,-9.22347,-54.5908,-1906.4902,2.49294,2.49294
12,5,-7.253245,0.0,-54.5908,8.01544,-48.7066,261.519,-2098.48,262.364,-2105.04,0.0,262.364,-2105.04,-9.22347,-54.5908,-1906.4902,2.49294,2.49294
12,6,-7.253245,0.0,-54.5908,8.01544,-48.7066,261.519,-2098.48,262.364,-2105.04,0.0,262.364,-2105.04,-9.22347,-54.5908,-1906.4902,2.49294,2.49294
12,7,-7.219094,0.0,-54.0368,8.01658,-48.687,261.519,-2098.48,262.366,-2105.32,0.0,262.366,-2105.32,-9.21402,-54.0368,-1906.2048,2.63079,2.63079
13,0,-6.783238,0.0,-43.9905,8.04742,-47.5071,261.519,-2098.48,263.356,-2114.03,0.0,263.356,-2114.03,-11.87,-43.9905,-1906.5347,9.38627,9.38627
13,1,-6.783238,0.0,-43.9905,8.04742,-47.5071,261.519,-2098.48,263.356,-2114.03,0.0,263.356,-2114.03,-11.87,-43.9905,-1906.5347,9.38627,9.38627
13,2,-6.9164405,0.0,-47.9527,8.04556,-47.6653,261.519,-2098.48,263.27,-2110.11,0.0,263.27,-2110.11,-11.6892,-47.9527,-1906.4819,8.40881,8.40881
13,3,-6.9164405,0.0,-47.9527,8.04556,-47.6653,261.519,-2098.48,263.27,-2110.11,0.0,263.27,-2110.11,-11.6892,-47.9527,-1906.4819,8.40881,8.40881
13,4,-6.9164405,0.0,-47.9527,8.04556,-47.6653,261.519,-2098.48,263.27,-2110.11,0.0,263.27,-2110.11,-11.6892,-47.9527,-1906.4819,8.40881,8.40881
13,5,-6.8280206,0.0,-45.3589,8.07813,-47.238,261.519,-2098.48,263.369,-2112.35,0.0,263.369,-2112.35,-11.3848,-45.3589,-1905.7247,9.32108,9.32108
13,6,-6.8280206,0.0,-45.3589,8.07813,-47.238,261.519,-2098.48,263.369,-2112.35,0.0,263.369,-2112.35,-11.3848,-45.3589,-1905.7247,9.32108,9.32108
13,7,-6.8280206,0.0,-45.3589,8.07813,-47.238,261.519,-2098.48,263.369,-2112.35,0.0,263.369,-2112.35,-11.3848,-45.3589,-1905.7247,9.32108,9.32108
14,0,-7.6864877,0.0,-64.9139,8.12814,-49.657,261.519,-2098.48,261.964,-2096.32,0.0,261.964,-2096.32,-7.25794,-64.9139,-1906.528,0.923117,0.923117
14,1,-7.6864877,0.0,-64.9139,8.12814,-49.657,261.519,-2098.48,261.964,-2096.32,0.0,261.964,-2096.32,-7.25794,-64.9139,-1906.528,0.923117,0.923117
14,2,-7.7329946,0.0,-65.8545,8.13632,-49.6267,261.519,-2098.48,261.839,-2095.39,0.0,261.839,-2095.39,-6.81906,-65.8545,-1906.2245,0.77949,0.77949
14,3,-7.7329946,0.0,-65.8545,8.13632,-49.6267,261.519,-2098.48,261.839,-2095.39,0.0,261.839,-2095.39,-6.81906,-65.8545,-1906.2245,0.77949,0.77949
14,4,-7.7329946,0.0,-65.8545,8.13632,-49.6267,261.519,-2098.48,261.839,-2095.39,0.0,261.839,-2095.39,-6.81906,-65.8545,-1906.2245,0.77949,0.77949
14,5,-7.766218,0.0,-66.4515,8.13605,-49.6677,261.519,-2098.48,261.741,-2094.9,0.0,261.741,-2094.9,-6.3098,-66.4515,-1905.9202,0.668822,0.668822
14,6,-7.766218,0.0,-66.4515,8.13605,-49.6677,261.519,-2098.48,261.741,-2094.9,0.0,261.741,-2094.9,-6.3098,-66.4515,-1905.9202,0.668822,0.668822
14,7,-7.766218,0.0,-66.4515,8.13605,-49.6677,261.519,-2098.48,261.741,-2094.9,0.0,261.741,-2094.9,-6.3098,-66.4515,-1905.9202,0.668822,0.668822
15,0,-6.6349435,0.0,-35.7678,8.05622,-47.6899,261.519,-2098.48,260.57,-2120.18,0.0,260.57,-2120.18,-11.0666,-35.7678,-1906.4443,1.49683,1.49683
15,1,-6.2307014,0.0,-30.1443,8.15088,-49.3223,261.519,-2098.48,260.762,-2124.05,0.0,260.762,-2124.05,-9.52074,-30.1443,-1902.9531,5.51242,5.51242
15,2,-6.0216537,0.0,-23.7996,8.13621,-49.4613,261.519,-2098.48,260.747,-2130.58,0.0,260.747,-2130.58,-8.68695,-23.7996,-1902.3196,6.45676,6.45676
15,3,-5.9988003,0.0,-24.0096,8.15113,-49.4308,261.519,-2098.48,260.761,-2129.85,0.0,260.761,-2129.85,-8.60778,-24.0096,-1901.7065,6.38977,6.38977
15,4,-5.9518943,0.0,-27.85,8.15457,-49.3533,261.519,-2098.48,260.784,-2123.1,0.0,260.784,-2123.1,-8.05799,-27.85,-1898.2241,8.59093,8.59093
15,5,-5.7800016,0.0,-22.9677,8.26453,-49.4277,261.519,-2098.48,261.041,-2128.14,0.0,261.041,-2128.14,-7.84313,-22.9677,-1897.9097,7.81826,7.81826
15,6,-5.7067237,0.0,-22.6713,8.28646,-49.3924,261.519,-2098.48,261.15,-2127.5,0.0,261.15,-2127.5,-8.13997,-22.6713,-1897.1613,8.15716,8.15716
15,7,-5.882775,0.0,-30.0761,8.14415,-49.4628,261.519,-2098.48,261.007,-2119.0,0.0,261.007,-2119.0,-8.79789,-30.0761,-1896.8671,6.55169,6.55169
16,0,-6.4808016,0.0,-31.2957,8.18323,-49.2065,261.519,-2098.48,261.24,-2126.93,0.0,261.24,-2126.93,-9.33722,-31.2957,-1906.3228,5.04394,5.04394
16,1,-6.4788427,0.0,-32.0306,8.202,-49.2081,261.519,-2098.48,261.153,-2125.6,0.0,261.153,-2125.6,-9.19578,-32.0306,-1905.6733,4.67681,4.67681
16,2,-6.294047,0.0,-26.808,8.20708,-49.3562,261.519,-2098.48,261.377,-2131.14,0.0,261.377,-2131.14,-9.02963,-26.808,-1905.6006,7.21062,7.21062
16,3,-6.481181,0.0,-32.0416,8.21328,-49.1958,261.519,-2098.48,261.165,-2125.61,0.0,261.165,-2125.61,-8.97666,-32.0416,-1905.4634,4.63362,4.63362
16,4,-6.185329,0.0,-25.4731,8.21202,-49.304,261.519,-2098.48,261.243,-2131.16,0.0,261.243,-2131.16,-8.77622,-25.4731,-1904.1661,7.39572,7.39572
16,5,-6.168023,0.0,-25.4788,8.21221,-49.2855,261.519,-2098.48,261.211,-2130.8,0.0,261.211,-2130.8,-8.71088,-25.4788,-1903.7788,7.44172,7.44172
16,6,-6.15902,0.0,-26.3469,8.17161,-49.323,261.519,-2098.48,261.139,-2129.3,0.0,261.139,-2129.3,-8.99638,-26.3469,-1903.5043,7.37727,7.37727
16,7,-6.154097,0.0,-26.4739,8.17271,-49.2823,261.519,-2098.48,261.119,-2128.95,0.0,261.119,-2128.95,-8.96526,-26.4739,-1903.2701,7.31299,7.31299
17,0,-8.252231,0.0,-86.018,8.02124,-48.0214,261.519,-2098.48,261.031,-2070.03,0.0,261.031,-2070.03,-11.1796,-86.018,-1906.1965,-0.997167,-0.997167
17,1,-8.252231,0.0,-86.018,8.02124,-48.0214,261.519,-2098.48,261.031,-2070.03,0.0,261.031,-2070.03,-11.1796,-86.018,-1906.1965,-0.997167,-0.997167
17,2,-8.252231,0.0,-86.018,8.02124,-48.0214,261.519,-2098.48,261.031,-2070.03,0.0,261.031,-2070.03,-11.1796,-86.018,-1906.1965,-0.997167,-0.997167
17,3,-8.473982,0.0,-91.7716,7.99703,-48.1918,261.519,-2098.48,260.819,-2064.64,0.0,260.819,-2064.64,-10.0564,-91.7716,-1905.6488,-1.25573,-1.25573
17,4,-8.473982,0.0,-91.7716,7.99703,-48.1918,261.519,-2098.48,260.819,-2064.64,0.0,260.819,-2064.64,-10.0564,-91.7716,-1905.6488,-1.25573,-1.25573
17,5,-8.472087,0.0,-91.9413,7.99047,-48.2279,261.519,-2098.48,260.843,-2064.43,0.0,260.843,-2064.43,-9.861,-91.9413,-1905.3892,-0.96009,-0.96009
17,6,-8.472087,0.0,-91.9413,7.99047,-48.2279,261.519,-2098.48,260.843,-2064.43,0.0,260.843,-2064.43,-9.861,-91.9413,-1905.3892,-0.96009,-0.96009
17,7,-8.472087,0.0,-91.9413,7.99047,-48.2279,261.519,-2098.48,260.843,-2064.43,0.0,260.843,-2064.43,-9.861,-91.9413,-1905.3892,-0.96009,-0.96009
18,0,-6.7105184,0.0,-39.0977,8.17958,-49.6153,261.519,-2098.48,261.83,-2119.95,0.0,261.83,-2119.95,-8.79034,-39.0977,-1906.0079,4.90425,4.90425
18,1,-6.702303,0.0,-39.2564,8.18035,-49.587,261.519,-2098.48,261.81,-2119.51,0.0,261.81,-2119.51,-8.93049,-39.2564,-1905.8867,4.86325,4.86325
18,2,-6.702303,0.0,-39.2564,8.18035,-49.587,261.519,-2098.48,261.81,-2119.51,0.0,261.81,-2119.51,-8.93049,-39.2564,-1905.8867,4.86325,4.86325
18,3,-6.702303,0.0,-39.2564,8.18035,-49.587,261.519,-2098.48,261.81,-2119.51,0.0,261.81,-2119.51,-8.93049,-39.2564,-1905.8867,4.86325,4.86325
18,4,-6.702303,0.0,-39.2564,8.18035,-49.587,261.519,-2098.48,261.81,-2119.51,0.0,261.81,-2119.51,-8.93049,-39.2564,-1905.8867,4.86325,4.86325
18,5,-6.704385,0.0,-39.2757,8.18081,-49.5897,261.519,-2098.48,261.806,-2119.51,0.0,261.806,-2119.51,-8.90328,-39.2757,-1905.8829,4.86316,4.86316
18,6,-6.704385,0.0,-39.2757,8.18081,-49.5897,261.519,-2098.48,261.806,-2119.51,0.0,261.806,-2119.51,-8.90328,-39.2757,-1905.8829,4.86316,4.86316
18,7,-6.704385,0.0,-39.2757,8.18081,-49.5897,261.519,-2098.48,261.806,-2119.51,0.0,261.806,-2119.51,-8.90328,-39.2757,-1905.8829,4.86316,4.86316
19,0,-7.0189133,0.0,-47.1769,8.09542,-48.0411,261.519,-2098.48,259.568,-2107.56,0.0,259.568,-2107.56,-10.8306,-47.1769,-1905.9996,-1.79296,-1.79296
19,1,-5.745729,0.0,-26.6884,8.0741,-47.2406,261.519,-2098.48,259.504,-2117.56,0.0,259.504,-2117.56,-9.17352,-26.6884,-1893.9178,1.10303,1.10303
19,2,-4.9845953,0.0,-13.796,8.13619,-47.8055,261.519,-2098.48,259.937,-2126.19,0.0,259.937,-2126.19,-8.90963,-13.796,-1888.9585,2.36467,2.36467
20,0,-6.2375793,0.0,-26.7351,8.18371,-49.3398,261.519,-2098.48,261.733,-2130.9,0.0,261.733,-2130.9,-10.0726,-26.7351,-1905.9745,6.67654,6.67654
20,1,-6.0452266,0.0,-21.8093,8.16682,-49.4332,261.519,-2098.48,261.791,-2135.58,0.0,261.791,-2135.58,-9.81869,-21.8093,-1905.417,7.94863,7.94863
20,2,-6.133304,0.0,-25.7835,8.18027,-49.3711,261.519,-2098.48,261.679,-2130.62,0.0,261.679,-2130.62,-9.98123,-25.7835,-1904.7058,6.60339,6.60339
20,3,-5.9689937,0.0,-21.0649,8.1714,-49.4314,261.519,-2098.48,261.774,-2135.45,0.0,261.774,-2135.45,-9.68545,-21.0649,-1904.4263,7.88865,7.88865
20,4,-6.060457,0.0,-25.2488,8.16951,-49.4159,261.519,-2098.48,261.674,-2130.31,0.0,261.674,-2130.31,-10.0964,-25.2488,-1903.9812,6.36264,6.36264
21,0,-6.1393113,0.0,-22.1449,8.17834,-49.3268,261.519,-2098.48,259.925,-2133.59,0.0,259.925,-2133.59,-10.1433,-22.1449,-1905.9531,2.03837,2.03837
21,1,-6.1502233,0.0,-22.4262,8.1826,-49.2852,261.519,-2098.48,259.928,-2133.29,0.0,259.928,-2133.29,-10.1412,-22.4262,-1905.9294,2.10384,2.10384
21,2,-6.1502233,0.0,-22.4262,8.1826,-49.2852,261.519,-2098.48,259.928,-2133.29,0.0,259.928,-2133.29,-10.1412,-22.4262,-1905.9294,2.10384,2.10384
21,3,-6.1502233,0.0,-22.4262,8.1826,-49.2852,261.519,-2098.48,259.928,-2133.29,0.0,259.928,-2133.29,-10.1412,-22.4262,-1905.9294,2.10384,2.10384
21,4,-6.1502233,0.0,-22.4262,8.1826,-49.2852,261.519,-2098.48,259.928,-2133.29,0.0,259.928,-2133.29,-10.1412,-22.4262,-1905.9294,2.10384,2.10384
21,5,-6.1702905,0.0,-22.5411,8.20188,-49.1392,261.519,-2098.48,259.951,-2133.3,0.0,259.951,-2133.3,-10.031,-22.5411,-1905.9211,2.35831,2.35831
21,6,-6.1702905,0.0,-22.5411,8.20188,-49.1392,261.519,-2098.48,259.951,-2133.3,0.0,259.951,-2133.3,-10.031,-22.5411,-1905.9211,2.35831,2.35831
21,7,-6.1702905,0.0,-22.5411,8.20188,-49.1392,261.519,-2098.48,259.951,-2133.3,0.0,259.951,-2133.3,-10.031,-22.5411,-1905.9211,2.35831,2.35831
22,0,-5.900166,0.0,-18.1643,7.97288,-48.6663,261.519,-2098.48,263.378,-2140.83,0.0,263.378,-2140.83,-10.0482,-18.1643,-1905.6646,8.12671,8.12671
22,1,-5.900166,0.0,-18.1643,7.97288,-48.6663,261.519,-2098.48,263.378,-2140.83,0.0,263.378,-2140.83,-10.0482,-18.1643,-1905.6646,8.12671,8.12671
22,2,-5.8749933,0.0,-17.7126,7.97888,-48.5702,261.519,-2098.48,263.364,-2140.99,0.0,263.364,-2140.99,-9.99336,-17.7126,-1905.332,8.31587,8.31587
22,3,-5.8749933,0.0,-17.7126,7.97888,-48.5702,261.519,-2098.48,263.364,-2140.99,0.0,263.364,-2140.99,-9.99336,-17.7126,-1905.332,8.31587,8.31587
22,4,-5.8749933,0.0,-17.7126,7.97888,-48.5702,261.519,-2098.48,263.364,-2140.99,0.0,263.364,-2140.99,-9.99336,-17.7126,-1905.332,8.31587,8.31587
22,5,-5.8749933,0.0,-17.7126,7.97888,-48.5702,261.519,-2098.48,263.364,-2140.99,0.0,263.364,-2140.99,-9.99336,-17.7126,-1905.332,8.31587,8.31587
22,6,-5.9144664,0.0,-18.1767,7.95867,-48.6384,261.519,-2098.48,263.353,-2141.0,0.0,263.353,-2141.0,-9.3371,-18.1767,-1905.1609,8.46656,8.46656
22,7,-5.9144664,0.0,-18.1767,7.95867,-48.6384,261.519,-2098.48,263.353,-2141.0,0.0,263.353,-2141.0,-9.3371,-18.1767,-1905.1609,8.46656,8.46656
23,0,-5.9573965,0.0,-20.1739,7.96885,-47.9605,261.519,-2098.48,261.787,-2135.5,0.0,261.787,-2135.5,-11.3964,-20.1739,-1905.2833,7.99141,7.99141
24,0,-7.1189218,0.0,-54.5989,8.00488,-47.8898,261.519,-2098.48,261.444,-2100.61,0.0,261.444,-2100.61,-11.3708,-54.5989,-1905.1359,-0.00202012,-0.00202012
24,1,-7.1178894,0.0,-54.6663,7.99417,-47.9082,261.519,-2098.48,261.422,-2100.49,0.0,261.422,-2100.49,-11.2318,-54.6663,-1904.9662,-0.001600759,-0.001600759
24,2,-7.100527,0.0,-54.4296,7.99958,-47.9279,261.519,-2098.48,261.452,-2100.63,0.0,261.452,-2100.63,-11.345,-54.4296,-1904.9525,-0.006615771,-0.006615771
24,3,-7.3138328,0.0,-62.0582,8.01961,-47.9282,261.519,-2098.48,261.392,-2092.2,0.0,261.392,-2092.2,-11.5861,-62.0582,-1904.4523,-0.237741,-0.237741
24,4,-7.3138328,0.0,-62.0582,8.01961,-47.9282,261.519,-2098.48,261.392,-2092.2,0.0,261.392,-2092.2,-11.5861,-62.0582,-1904.4523,-0.237741,-0.237741
24,5,-7.332553,0.0,-62.6181,8.02522,-47.9941,261.519,-2098.48,261.4,-2091.71,0.0,261.4,-2091.71,-11.4828,-62.6181,-1904.4108,-0.291644,-0.291644
24,6,-7.280979,0.0,-62.6416,8.0033,-48.0593,261.519,-2098.48,261.387,-2090.91,0.0,261.387,-2090.91,-11.1393,-62.6416,-1903.304,0.250748,0.250748
24,7,-7.280979,0.0,-62.6416,8.0033,-48.0593,261.519,-2098.48,261.387,-2090.91,0.0,261.387,-2090.91,-11.1393,-62.6416,-1903.304,0.250748,0.250748
25,0,-6.1618485,0.0,-25.4869,8.2126,-49.1943,261.519,-2098.48,261.816,-2131.53,0.0,261.816,-2131.53,-9.82273,-25.4869,-1905.0236,6.29356,6.29356
25,1,-6.134067,0.0,-25.0557,8.19726,-49.289,261.519,-2098.48,261.796,-2131.83,0.0,261.796,-2131.83,-9.8284,-25.0557,-1904.9181,6.21873,6.21873
25,2,-6.134067,0.0,-25.0557,8.19726,-49.289,261.519,-2098.48,261.796,-2131.83,0.0,261.796,-2131.83,-9.8284,-25.0557,-1904.9181,6.21873,6.21873
25,3,-6.134067,0.0,-25.0557,8.19726,-49.289,261.519,-2098.48,261.796,-2131.83,0.0,261.796,-2131.83,-9.8284,-25.0557,-1904.9181,6.21873,6.21873
25,4,-6.134067,0.0,-25.0557,8.19726,-49.289,261.519,-2098.48,261.796,-2131.83,0.0,261.796,-2131.83,-9.8284,-25.0557,-1904.9181,6.21873,6.21873
25,5,-6.134067,0.0,-25.0557,8.19726,-49.289,261.519,-2098.48,261.796,-2131.83,0.0,261.796,-2131.83,-9.8284,-25.0557,-1904.9181,6.21873,6.21873
25,6,-6.1251636,0.0,-24.999,8.20726,-49.2454,261.519,-2098.48,261.768,-2131.67,0.0,261.768,-2131.67,-9.8279,-24.999,-1904.7288,6.4322,6.4322
25,7,-6.1251636,0.0,-24.999,8.20726,-49.2454,261.519,-2098.48,261.768,-2131.67,0.0,261.768,-2131.67,-9.8279,-24.999,-1904.7288,6.4322,6.4322
26,0,-6.49692,0.0,-27.1044,8.12696,-48.6532,261.519,-2098.48,261.398,-2133.45,0.0,261.398,-2133.45,-5.55256,-27.1044,-1904.709,5.01064,5.01064
26,1,-6.49692,0.0,-27.1044,8.12696,-48.6532,261.519,-2098.48,261.398,-2133.45,0.0,261.398,-2133.45,-5.55256,-27.1044,-1904.709,5.01064,5.01064
26,2,-6.449108,0.0,-26.9844,8.12277,-48.6419,261.519,-2098.48,261.392,-2132.84,0.0,261.392,-2132.84,-6.22254,-26.9844,-1904.6552,4.76831,4.76831
26,3,-6.449108,0.0,-26.9844,8.12277,-48.6419,261.519,-2098.48,261.392,-2132.84,0.0,261.392,-2132.84,-6.22254,-26.9844,-1904.6552,4.76831,4.76831
26,4,-6.576383,0.0,-29.7028,8.1327,-48.7676,261.519,-2098.48,261.238,-2130.59,0.0,261.238,-2130.59,-4.16744,-29.7028,-1903.2224,4.608,4.608
26,5,-6.576383,0.0,-29.7028,8.1327,-48.7676,261.519,-2098.48,261.238,-2130.59,0.0,261.238,-2130.59,-4.16744,-29.7028,-1903.2224,4.608,4.608
26,6,-6.576383,0.0,-29.7028,8.1327,-48.7676,261.519,-2098.48,261.238,-2130.59,0.0,261.238,-2130.59,-4.16744,-29.7028,-1903.2224,4.608,4.608
26,7,-6.576383,0.0,-29.7028,8.1327,-48.7676,261.519,-2098.48,261.238,-2130.59,0.0,261.238,-2130.59,-4.16744,-29.7028,-1903.2224,4.608,4.608
27,0,-5.7976027,0.0,-15.7245,8.21206,-49.4517,261.519,-2098.48,262.685,-2142.27,0.0,262.685,-2142.27,-9.32916,-15.7245,-1904.6387,10.4757,10.4757
28,0,-6.747743,0.0,-39.7724,8.11904,-49.7237,261.519,-2098.48,260.952,-2118.36,0.0,260.952,-2118.36,-7.19891,-39.7724,-1904.3793,-1.2834,-1.2834
28,1,-6.725115,0.0,-40.4223,8.08776,-49.6639,261.519,-2098.48,260.684,-2116.56,0.0,260.684,-2116.56,-6.70806,-40.4223,-1903.0065,-1.901,-1.901
28,2,-6.6565256,0.0,-39.4685,8.09458,-49.622,261.519,-2098.48,260.709,-2116.9,0.0,260.709,-2116.9,-7.07519,-39.4685,-1902.7346,-1.85421,-1.85421
28,3,-6.4030476,0.0,-35.166,8.2664,-49.5438,261.519,-2098.48,261.081,-2119.64,0.0,261.081,-2119.64,-2.13639,-35.166,-1895.8613,4.58192,4.58192
28,4,-6.405299,0.0,-35.253,8.26751,-49.5587,261.519,-2098.48,261.084,-2119.56,0.0,261.084,-2119.56,-2.11025,-35.253,-1895.8394,4.5569,4.5569
28,5,-6.4525733,0.0,-36.3338,8.24082,-49.472,261.519,-2098.48,261.067,-2118.59,0.0,261.067,-2118.59,-1.44725,-36.3338,-1895.3041,5.02983,5.02983
28,6,-6.4525733,0.0,-36.3338,8.24082,-49.472,261.519,-2098.48,261.067,-2118.59,0.0,261.067,-2118.59,-1.44725,-36.3338,-1895.3041,5.02983,5.02983
28,7,-6.4525733,0.0,-36.3338,8.24082,-49.472,261.519,-2098.48,261.067,-2118.59,0.0,261.067,-2118.59,-1.44725,-36.3338,-1895.3041,5.02983,5.02983
29,0,-5.673028,0.0,-13.0771,8.02139,-48.5543,261.519,-2098.48,261.615,-2142.07,0.0,261.615,-2142.07,-10.2171,-13.0771,-1903.7493,9.08568,9.08568
29,1,-5.673028,0.0,-13.0771,8.02139,-48.5543,261.519,-2098.48,261.615,-2142.07,0.0,261.615,-2142.07,-10.2171,-13.0771,-1903.7493,9.08568,9.08568
29,2,-5.673028,0.0,-13.0771,8.02139,-48.5543,261.519,-2098.48,261.615,-2142.07,0.0,261.615,-2142.07,-10.2171,-13.0771,-1903.7493,9.08568,9.08568
29,3,-5.673028,0.0,-13.0771,8.02139,-48.5543,261.519,-2098.48,261.615,-2142.07,0.0,261.615,-2142.07,-10.2171,-13.0771,-1903.7493,9.08568,9.08568
29,4,-5.666105,0.0,-12.9986,8.02345,-48.5678,261.519,-2098.48,261.603,-2142.07,0.0,261.603,-2142.07,-10.2807,-12.9986,-1903.7463,9.0624,9.0624
29,5,-5.6660547,0.0,-13.0477,8.01859,-48.5854,261.519,-2098.48,261.604,-2142.02,0.0,261.604,-2142.02,-10.2237,-13.0477,-1903.6875,9.08495,9.08495
29,6,-5.6660547,0.0,-13.0477,8.01859,-48.5854,261.519,-2098.48,261.604,-2142.02,0.0,261.604,-2142.02,-10.2237,-13.0477,-1903.6875,9.08495,9.08495
29,7,-5.6660547,0.0,-13.0477,8.01859,-48.5854,261.519,-2098.48,261.604,-2142.02,0.0,261.604,-2142.02,-10.2237,-13.0477,-1903.6875,9.08495,9.08495
30,0,-6.0460787,0.0,-25.4543,8.02926,-48.7565,261.519,-2098.48,262.182,-2130.1,0.0,262.182,-2130.1,-10.2912,-25.4543,-1903.6637,4.69119,4.69119
30,1,-6.4629035,0.0,-36.9703,8.10197,-49.6798,261.519,-2098.48,261.955,-2119.57,0.0,261.955,-2119.57,-8.49522,-36.9703,-1903.0807,1.43359,1.43359
30,2,-6.4551115,0.0,-36.0575,8.09785,-49.6527,261.519,-2098.48,262.076,-2121.02,0.0,262.076,-2121.02,-8.03405,-36.0575,-1903.0356,2.31968,2.31968
30,3,-6.26824,0.0,-32.2793,8.05457,-49.844,261.519,-2098.48,262.118,-2124.13,0.0,262.118,-2124.13,-6.64059,-32.2793,-1900.9318,4.27488,4.27488
30,4,-6.305588,0.0,-32.9356,8.05138,-49.8619,261.519,-2098.48,262.119,-2123.75,0.0,262.119,-2123.75,-6.18103,-32.9356,-1900.7477,4.38028,4.38028
30,5,-6.2630734,0.0,-32.6716,8.04617,-49.8759,261.519,-2098.48,262.012,-2123.32,0.0,262.012,-2123.32,-6.10162,-32.6716,-1900.0813,4.70421,4.70421
30,6,-6.2568946,0.0,-32.5252,8.0481,-49.8796,261.519,-2098.48,262.008,-2123.44,0.0,262.008,-2123.44,-6.08301,-32.5252,-1900.04,4.74142,4.74142
30,7,-5.912738,0.0,-25.5877,8.05552,-47.1062,261.519,-2098.48,262.121,-2125.93,0.0,262.121,-2125.93,-10.2775,-25.5877,-1899.6742,3.48703,3.48703
31,0,-6.9864416,0.0,-47.4016,8.14651,-49.1564,261.519,-2098.48,261.264,-2110.34,0.0,261.264,-2110.34,-7.15911,-47.4016,-1903.6368,3.11965,3.11965
31,1,-6.9864416,0.0,-47.4016,8.14651,-49.1564,261.519,-2098.48,261.264,-2110.34,0.0,261.264,-2110.34,-7.15911,-47.4016,-1903.6368,3.11965,3.11965
31,2,-6.9864416,0.0,-47.4016,8.14651,-49.1564,261.519,-2098.48,261.264,-2110.34,0.0,261.264,-2110.34,-7.15911,-47.4016,-1903.6368,3.11965,3.11965
31,3,-6.9381137,0.0,-46.4223,8.14678,-49.148,261.519,-2098.48,261.28,-2111.08,0.0,261.28,-2111.08,-7.33295,-46.4223,-1903.5554,3.15077,3.15077
31,4,-6.9381137,0.0,-46.4223,8.14678,-49.148,261.519,-2098.48,261.28,-2111.08,0.0,261.28,-2111.08,-7.33295,-46.4223,-1903.5554,3.15077,3.15077
31,5,-6.9381137,0.0,-46.4223,8.14678,-49.148,261.519,-2098.48,261.28,-2111.08,0.0,261.28,-2111.08,-7.33295,-46.4223,-1903.5554,3.15077,3.15077
31,6,-6.846787,0.0,-44.8191,8.15193,-49.0836,261.519,-2098.48,261.323,-2112.06,0.0,261.323,-2112.06,-7.69241,-44.8191,-1903.2485,3.29539,3.29539
31,7,-6.846787,0.0,-44.8191,8.15193,-49.0836,261.519,-2098.48,261.323,-2112.06,0.0,261.323,-2112.06,-7.69241,-44.8191,-1903.2485,3.29539,3.29539
32,0,-6.011093,0.0,-24.7716,8.02753,-48.2352,261.519,-2098.48,261.48,-2128.98,0.0,261.48,-2128.98,-11.1322,-24.7716,-1903.4038,6.17094,6.17094
32,1,-6.011093,0.0,-24.7716,8.02753,-48.2352,261.519,-2098.48,261.48,-2128.98,0.0,261.48,-2128.98,-11.1322,-24.7716,-1903.4038,6.17094,6.17094
32,2,-5.973095,0.0,-24.1318,8.02689,-48.2643,261.519,-2098.48,261.423,-2129.29,0.0,261.423,-2129.29,-11.1616,-24.1318,-1903.1605,6.06732,6.06732
32,3,-5.973095,0.0,-24.1318,8.02689,-48.2643,261.519,-2098.48,261.423,-2129.29,0.0,261.423,-2129.29,-11.1616,-24.1318,-1903.1605,6.06732,6.06732
32,4,-5.973095,0.0,-24.1318,8.02689,-48.2643,261.519,-2098.48,261.423,-2129.29,0.0,261.423,-2129.29,-11.1616,-24.1318,-1903.1605,6.06732,6.06732
32,5,-5.9669023,0.0,-23.9683,8.0293,-48.2588,261.519,-2098.48,261.402,-2129.4,0.0,261.402,-2129.4,-11.101,-23.9683,-1903.0673,6.04534,6.04534
32,6,-5.9669023,0.0,-23.9683,8.0293,-48.2588,261.519,-2098.48,261.402,-2129.4,0.0,261.402,-2129.4,-11.101,-23.9683,-1903.0673,6.04534,6.04534
32,7,-5.9669023,0.0,-23.9683,8.0293,-48.2588,261.519,-2098.48,261.402,-2129.4,0.0,261.402,-2129.4,-11.101,-23.9683,-1903.0673,6.04534,6.04534
33,0,-8.619926,0.0,-94.3654,8.01219,-47.2894,261.519,-2098.48,260.043,-2060.89,0.0,260.043,-2060.89,-8.16692,-94.3654,-1903.3792,-6.85917,-6.85917
33,1,-8.619926,0.0,-94.3654,8.01219,-47.2894,261.519,-2098.48,260.043,-2060.89,0.0,260.043,-2060.89,-8.16692,-94.3654,-1903.3792,-6.85917,-6.85917
33,2,-8.619926,0.0,-94.3654,8.01219,-47.2894,261.519,-2098.48,260.043,-2060.89,0.0,260.043,-2060.89,-8.16692,-94.3654,-1903.3792,-6.85917,-6.85917
33,3,-8.59627,0.0,-93.862,8.00573,-47.2948,261.519,-2098.48,260.058,-2061.32,0.0,260.058,-2061.32,-8.12665,-93.862,-1903.2506,-6.86434,-6.86434
33,4,-8.59627,0.0,-93.862,8.00573,-47.2948,261.519,-2098.48,260.058,-2061.32,0.0,260.058,-2061.32,-8.12665,-93.862,-1903.2506,-6.86434,-6.86434
33,5,-8.59627,0.0,-93.862,8.00573,-47.2948,261.519,-2098.48,260.058,-2061.32,0.0,260.058,-2061.32,-8.12665,-93.862,-1903.2506,-6.86434,-6.86434
33,6,-8.59627,0.0,-93.862,8.00573,-47.2948,261.519,-2098.48,260.058,-2061.32,0.0,260.058,-2061.32,-8.12665,-93.862,-1903.2506,-6.86434,-6.86434
33,7,-8.58928,0.0,-93.6319,8.00389,-47.3004,261.519,-2098.48,260.071,-2061.59,0.0,260.071,-2061.59,-8.0941,-93.6319,-1903.2451,-6.85184,-6.85184
34,0,-6.520119,0.0,-26.6874,8.42608,-49.7041,261.519,-2098.48,259.197,-2131.66,0.0,259.197,-2131.66,-0.909804,-26.6874,-1900.06,5.42043,5.42043
34,1,-6.59102,0.0,-29.4142,8.49389,-51.0551,261.519,-2098.48,259.456,-2130.25,0.0,259.456,-2130.25,1.82058,-29.4142,-1898.3875,9.913,9.913
35,0,-6.8812776,0.0,-45.8094,8.50001,-49.8092,261.519,-2098.48,260.307,-2109.71,0.0,260.307,-2109.71,-1.07417,-45.8094,-1896.2865,9.68052,9.68052
36,0,-5.957192,0.0,-17.4004,8.54608,-48.9837,261.519,-2098.48,262.282,-2140.68,0.0,262.282,-2140.68,-0.204056,-17.4004,-1896.0024,15.066,15.066
37,0,-5.818493,0.0,-25.378,8.32182,-48.6389,261.519,-2098.48,261.406,-2124.73,0.0,261.406,-2124.73,-6.86487,-25.378,-1895.5669,9.89386,9.89386
37,1,-5.8708806,0.0,-25.8647,8.32934,-48.5386,261.519,-2098.48,261.366,-2124.66,0.0,261.366,-2124.66,-6.38171,-25.8647,-1895.5403,9.95596,9.95596
37,2,-5.8550963,0.0,-25.7271,8.32882,-48.5845,261.519,-2098.48,261.378,-2124.68,0.0,261.378,-2124.68,-6.50819,-25.7271,-1895.5374,9.92766,9.92766
38,0,-6.2304373,0.0,-31.4931,8.44556,-50.5566,261.519,-2098.48,259.973,-2121.52,0.0,259.973,-2121.52,1.70895,-31.4931,-1891.3312,9.85524,9.85524
39,0,-6.0749283,0.0,-31.4221,8.45351,-50.0696,261.519,-2098.48,260.258,-2119.03,0.0,260.258,-2119.03,0.192057,-31.4221,-1890.002,6.81041,6.81041
40,0,-5.453869,0.0,-13.1506,8.45103,-50.0865,261.519,-2098.48,260.597,-2137.67,0.0,260.597,-2137.67,0.51788,-13.1506,-1889.7058,13.6999,13.6999
41,0,-5.3006015,0.0,-13.4972,8.43736,-50.1211,261.519,-2098.48,263.207,-2138.72,0.0,263.207,-2138.72,0.734395,-13.4972,-1888.2756,19.3334,19.3334
